VPS PRODUCT COMPARISON QUICK REFERENCE,,
Product,Value VPS,Pro VPS
Product Name,Automated KVM Windows VPS Value with Plesk,Automated KVM Windows VPS Pro with Plesk
Best Price 36 months,RM 98.90 per month,RM 127.90 per month
Best Total 36 months,RM 3560.40,RM 4604.40
Monthly Difference,RM 39.00 more for Pro,RM 39.00 more for Pro
,,,,,
SECTION 1 PRODUCT SPECIFICATIONS,,
Specification,Value VPS,Pro VPS
vCPUs,2,4
RAM,2 GB,4 GB
SSD Storage,50 GB,100 GB
IP Address,1,1
Network Speed,100 Mbps,100 Mbps
Data Transfer,Unlimited,Unlimited
Hypervisor,KVM,KVM
Operating System,Windows 2022 Plesk 18 Obsidian,Windows 2022 Plesk 18 Obsidian
Control Panel,Plesk 10 Domains Web Admin Edition,Plesk 10 Domains Web Admin Edition
Managed Services,BASIC Silver Managed Service Included,BASIC Silver Managed Service Included
Setup Fee,RM 0.00,RM 0.00
,,,,,
SECTION 2 PRICING MONTHLY RATES,,
Billing Cycle,Value VPS per month,Pro VPS per month,Savings
1 Month,RM 125.90,RM 164.90,0 percent
3 Months,RM 119.90,RM 154.90,10 percent off
6 Months,RM 117.90,RM 150.90,14 percent off
12 Months 1 Year,RM 113.90,RM 144.90,21 percent off
24 Months 2 Years,RM 106.90,RM 137.90,34 percent off Value or 29 percent off Pro
36 Months 3 Years,RM 98.90,RM 127.90,49 percent off Value or 40 percent off Pro
,,,,,
SECTION 3 TOTAL AMOUNT TO PAY ALL PLANS,,
Billing Cycle,Value VPS Total Due,Pro VPS Total Due,Difference
1 Month Plan,RM 125.90,RM 164.90,RM 39.00
3 Months Plan,RM 359.70,RM 464.70,RM 105.00
6 Months Plan,RM 707.40,RM 905.40,RM 198.00
12 Months Plan 1 Year,RM 1366.80,RM 1738.80,RM 372.00
24 Months Plan 2 Years,RM 2565.60,RM 3309.60,RM 744.00
36 Months Plan 3 Years,RM 3560.40,RM 4604.40,RM 1044.00
,,,,,
NOTE All amounts shown are TOTAL DUE TODAY full payment upfront,,
Setup Fee RM 0.00 for both plans,,
,,,,,
SECTION 4 PAYMENT BREAKDOWN BY PLAN,,
,,,,,
PLAN 1 MONTH,,
Monthly Rate,Value VPS RM 125.90,Pro VPS RM 164.90
Setup Fee,RM 0.00,RM 0.00
TOTAL DUE TODAY,RM 125.90,RM 164.90
,,,,,
PLAN 3 MONTHS,,
Monthly Rate,Value VPS RM 119.90,Pro VPS RM 154.90
Setup Fee,RM 0.00,RM 0.00
Total Amount 3 months,RM 359.70,RM 464.70
TOTAL DUE TODAY,RM 359.70,RM 464.70
,,,,,
PLAN 6 MONTHS,,
Monthly Rate,Value VPS RM 117.90,Pro VPS RM 150.90
Setup Fee,RM 0.00,RM 0.00
Total Amount 6 months,RM 707.40,RM 905.40
TOTAL DUE TODAY,RM 707.40,RM 905.40
,,,,,
PLAN 12 MONTHS 1 YEAR,,
Monthly Rate,Value VPS RM 113.90,Pro VPS RM 144.90
Setup Fee,RM 0.00,RM 0.00
Total Amount 12 months,RM 1366.80,RM 1738.80
TOTAL DUE TODAY,RM 1366.80,RM 1738.80
,,,,,
PLAN 24 MONTHS 2 YEARS,,
Monthly Rate,Value VPS RM 106.90,Pro VPS RM 137.90
Setup Fee,RM 0.00,RM 0.00
Total Amount 24 months,RM 2565.60,RM 3309.60
TOTAL DUE TODAY,RM 2565.60,RM 3309.60
,,,,,
PLAN 36 MONTHS 3 YEARS BEST VALUE,,
Monthly Rate,Value VPS RM 98.90,Pro VPS RM 127.90
Setup Fee,RM 0.00,RM 0.00
Total Amount 36 months,RM 3560.40,RM 4604.40
TOTAL DUE TODAY,RM 3560.40,RM 4604.40
Savings,49 percent off Value,40 percent off Pro
,,,,,
SECTION 5 QUICK PRICE COMPARISON,,
Scenario,Value VPS,Pro VPS
Cheapest Option 36 months,RM 3560.40,RM 4604.40
Most Popular 12 months,RM 1366.80,RM 1738.80
Short Term 3 months,RM 359.70,RM 464.70
Monthly 1 month,RM 125.90,RM 164.90
,,,,,
SECTION 6 COST ANALYSIS,,
Item,Value VPS,Pro VPS
Monthly Price Difference 1 month,Base RM 125.90,Base RM 164.90
Extra Cost for Pro per month,,RM 39.00 more
Extra Cost for Pro per year,,RM 372.00 more
Extra Cost for Pro 3 years,,RM 1044.00 more
Pro is More Expensive By,31.0 percent more expensive,31.0 percent more expensive
3 Year Total Cost,RM 3560.40,RM 4604.40
,,,,,
SECTION 7 PROS AND CONS,,
,,,,,
VPS VALUE PROS,,
Lower initial cost RM 125.90 per month,,
Best long term savings 49 percent off at 36 months,,
Good for small to medium websites,,
Perfect for development and testing,,
Lower total cost of ownership,,
Adequate for basic applications,,
,,,,,
VPS VALUE CONS,,
Only 2 vCPUs limited processing,,
2GB RAM may be insufficient for heavy apps,,
50GB storage may fill up quickly,,
Not suitable for resource intensive apps,,
May have performance issues under heavy load,,
Limited scalability,,
,,,,,
VPS PRO PROS,,
Double processing power 4 vCPUs,,
Double RAM 4GB for better performance,,
Double storage 100GB for more data,,
Better for production environments,,
Can handle more concurrent users,,
Suitable for resource intensive apps,,
Better performance under heavy load,,
More room for growth,,
,,,,,
VPS PRO CONS,,
Higher initial cost RM 164.90 per month,,
Lower savings 40 percent vs 49 percent at 36 months,,
May be overkill for simple websites,,
Higher total cost RM 1044 more over 3 years,,
More expensive upfront,,
,,,,,
SECTION 8 RECOMMENDATIONS BY USE CASE,,
Use Case,Recommended Plan,Reason
Small Website Blog,Value VPS,Sufficient resources at lower cost
Development Testing,Value VPS,Cost effective for testing
Small Business Website,Value VPS,Good balance of cost and performance
E commerce Site,Pro VPS,Better performance needed
Resource Intensive Apps,Pro VPS,Requires more power
Multiple Websites,Pro VPS,Better capacity needed
,,,,,
SECTION 9 FEATURE COMPARISON,,
Feature,Value VPS,Pro VPS
Processing Power vCPUs,2 Lower,4 Higher 2x
Memory RAM,2 GB Lower,4 GB Higher 2x
Storage SSD,50 GB Lower,100 GB Higher 2x
Network Speed,100 Mbps Same,100 Mbps Same
Data Transfer,Unlimited Same,Unlimited Same
Managed Services,Included Same,Included Same
Control Panel,Plesk Same,Plesk Same
Setup Fee,Free Same,Free Same
,,,,,
IMPORTANT NOTES,,
All prices are in Malaysian Ringgit RM,,
Setup fee is RM 0.00 for both plans,,
Payment is required upfront full amount,,
Prices shown are per month rates for the billing cycle,,
Longer commitments equal Better savings,,
Best value 36 month plan for both products,,
